<?xml version="1.0" encoding="utf-8" standalone="yes"?>
<rss version="2.0" xmlns:atom="http://www.w3.org/2005/Atom">
  <channel>
    <title>Contact on Orbital Aviation Consulting</title>
    <link>http://localhost:8889/contact/</link>
    <description>Recent content in Contact on Orbital Aviation Consulting</description>
    <generator>Hugo</generator>
    <language>en-us</language>
    <atom:link href="http://localhost:8889/contact/index.xml" rel="self" type="application/rss+xml" />
  </channel>
</rss>
